,run_name,site,patch_size,rotations,nr_patches_0,sum_carbon,sum_target,sum_prediction,mean_target,mean_prediction,mse,rmse,r2
0,benchmark,Carlos Vera Guevara RGB,0,[0.],397,5830.613502254673,1406.0960382895184,1909.4562710523605,3.541803622895505,4.809713529099145,32.947899667984956,5.740026103423656,-0.3928680628456762
1,benchmark,Carlos Vera Arteaga RGB,0,[0.],203,3034.6125197037145,1049.2849051505405,833.8188586235046,5.168891158377056,4.107482062184752,71.74597475658261,8.470299567109926,-0.2007906448106218
2,benchmark,Flora Pluas RGB,0,[0.],201,4763.539027023904,1418.3039764427235,704.2034367322922,7.056238688769768,3.5034996852352847,523.8099769701164,22.886895310856744,-0.019305289606775577
3,benchmark,Leonor Aspiazu RGB,0,[0.],296,3198.4475447677346,2113.3891096648395,0.0,7.139828073192013,0.0,884.51938264166,29.740870576391337,-0.06115724267765499
4,benchmark,Manuel Macias RGB,0,[0.],139,1097.4471991947717,563.7142893745659,934.2985842227936,4.055498484709104,6.721572548365422,86.73851749568456,9.31335157157103,-15.476130530047353
5,benchmark,Nestor Macias RGB,0,[0.],328,5792.727929314215,1349.2907744339373,0.0,4.1136913854693224,0.0,88.76652655483821,9.42159893833516,-0.23554424013195407
